PedroZuazua,,5
MabelOrfe,(v),1
javimendir,(v),1
TxemaUrkijo,(v),1
cakivi,,11
Jacobogg,,2
minisashas,,4
antonio_cano_,(v),11
elperiolista,(v),1
mabelgalaz,,6
MacaLescornez,(v),1
andrewiconnell,(v),1
VRCaldevilla,(v),1
Nanisimo,(v),1
elpais_america,(v),7
Lola_Hierro,(v),3
el_pais,(v),10
OpinionMarciana,(v),1
Karlos_ch,(v),1
elvirasastre,(v),1
Pablolinde,,1
damien_lemaitre,,1
JavierMaroto,(v),1
FionaFNoble,,1
adricultora,,1
epatriau,,1
elpais_espana,(v),2
carlosarribas,,1
DavidDeMaria,(v),1
billowyblues,(v),1
sarita33335,,1
magico_iniesta,,1
TCAvendano,,3
enekoruizj,,7
abadlinan,,2
LuisCornagoB,(v),1
AlbertoFreireB,(v),1
sandri90,(v),1
pflis,,5
EnriqueCocero,(v),1
NachoBarrio,(v),1
juanfont,(v),1
JotDownSpain,(v),35
asanchezca,(v),1
piribia,,1
Javbilbao,(v),1
juanmanfredi,(v),1
analopezheredia,(v),1
QuoRosa,(v),1
pablo_ordaz,(v),4
sil_loh,(v),1
helena_poncini,,1
JAranaz,(v),1
paco_colorado,(v),1
CarlitosHierro,(v),1
BardemAntarctic,(v),1
carolalguacil,(v),1
ellenreina,(v),1
valentiina_rojo,,2
andreamp,,2
materia_ciencia,(v),3
sandro_pozzi,,3
fencinar,(v),1
pximenez,,2
Antorbufor,,1
elpaiscatalunya,(v),2
anaalfageme,(v),3
ManuelaCarmena,(v),1
Estartapeando,(v),1
ristomejide,(v),1
Pajaropolitico,(v),1
corderocaty,(v),1
Cesarsvlla,(v),1
jlgmolina,(v),1
rosa_ferreiro,(v),1
palmeraswalter,(v),1
georgebest_,(v),1
laiafoguets,(v),1
ire_monty_san,(v),1
luzsmellado,,15
pedregalejo,,1
teoleongross,,1
elpais_opinion,(v),5
CinzasNoPeto,,1
mluzpeinado,,1
EdPeriodismo,(v),6
Solealal,(v),9
elpaisinenglish,(v),2
BarackObama,(v),1
abiancito13,,1
mikeliturriaga,(v),2
verne,(v),10
luciaglezglez,,3
ASRphotographer,,1
HoyPorHoy,(v),7
carlosdevega,(v),5
jitorreblanca,(v),2
carloscordoba_,,3
nadiatronchoni,,1
tentaciones,(v),3
jmarcos78,,3
Elisa_CastilloN,,1
ricardodequerol,,5
aliciamireles,,1
ElCorrectorDeTV,,1
unfoundation,(v),1
airibar,,3
QarlD,,1
YiayowPOSSE,,1
Pedroyervides,,1
javier_sanr,,1
pabloguimon,,3
IdafeMartin,,1
mrsahuquillo,(v),6
darrenjames61,,1
Moonrisebcn,,1
Luismimontero,,1
corrs91,,1
Adrianabadu,,1
anto_nieto,,1
TomasOndarra,,2
Leiva_Oficial,(v),2
pacoleonbarrios,(v),1
and_rizzi,(v),1
faustianovich,,1
FotografiaPais,(v),5
FLMadrid,,1
lbassets,(v),9
elpais_inter,(v),2
ELPAISGalicia,(v),1
espectador_cine,,1
Mai_Montero,,1
AlejandroSanz,(v),2
silviamajo,,1
elmundoes,(v),1
sindolafuente,(v),1
DianaMontanari,,2
ClavoyCanela3,,1
Manu71057743,,1
el_pais_madrid,(v),3
JPVelazquezG,,1
cyarnoz,,2
jaaunion,,1
Davidfdezdiaz,,1
msanchezvallejo,,3
Topocorleone,(v),1
JuanAFrances,,1
Martanieto,,2
NandoPerez,,1
galtares,,5
marcbassets,,1
claudiperez,,4
Juan1899,,1
m80radio_,(v),1
frontonmexicoce,,1
FVicente_Illust,,1
JohnSam97083325,,1
alvaroperezr,,3
PhilGonzalez,,1
elespanolcom,(v),1
rebeminguela,(v),1
elchuchii,,1
P_De_Vliegher,,1
jesusgbueno,,1
AntiaGM,,2
aventuraocchi,,1
AlCasasM,,1
marsalada_50,,1
acastellanotw,,2
Mamirouss,,1
clarablanchar,,2
manueljabois,,5
Trianabetis4,,1
7GGuerrero,,1
raquelseco,,3
tatianalopeznyc,,2
Sikonome,,3
KatyLema,,2
mjmarfil64,,1
LoloViejo,,4
RTn_Euskadi,,1
Hache_Hache,,2
barrancasmartin,,1
jgarciaramos999,,1
SabelaG,,3
CarlosGarfella,,1
RebecaCarranco,,2
anapanta,,4
naiaragg,(v),1
newarrivals,,2
javisalas,(v),3
AlertaNews,,1
elmotorcom,,1
JMCalvoRoy,,3
elpais_cultura,(v),4
monicatorresfot,,1
elpais_tec,(v),1
julian_herbert,,1
elpais_valencia,(v),3
Hectogonz,,1
elpais_economia,(v),2
elpais_deportes,(v),2
62chapis,,1
nachodiazplus,,1
alandete,(v),6
ivandemoneo,,2
Vir010,,1
pedrogorospe,,4
emiliodebenito,,5
juanantolin,,1
sharpmarisa1,,1
ldoncel,,1
crisdelgadom,,2
ce_jan,,2
silviablancov,,1
amanda_mars,,4
sugarkiosk,,1
demamasdepapas,,1
Lau_CSS,,1
_Torreblanca_,,1
maiterico,(v),4
XimoGomez,,1
Ochentame_tve,,1
cguri,,3
JuanJoseMateo,,3
mtascon,,1
VLCLeticia,,1
PABLODEAQUI,,1
vicensantana,,1
smoda,(v),1
ElsaGarciad,,4
SuperPabloMKT,,1
javierguro,,3
FJBARROSO1973,,2
NoemiRamrez,,2
arturgalocha,,1
reinoso_alvaro,,1
ElisabetSans,,1
quintatinta,,2
alvaro_corcuera,,1
Chiqui,(v),4
idebarron,,2
locodelpelorojo,,3
jordipc,,2
Marcaporhombro,,2
BuenaVidaEP,(v),1
missylolahuetem,,7
HeberLongas,,3
anaisrebollo,,1
juanig3,,1
Brabeg,,1
jotaahernandez,,1
BareaBrun,,1
jpueyo,,1
Mariajosepserra,(v),1
pilaralvarezm,,1
Grazia_es,(v),1
Hemerotequeando,,1
ElMundoEnDatos,,1
PilarMillan,(v),3
tferrerm,(v),3
patricia_dolz,,1
joseangelmb,,2
elpais_gente,,3
agvicente,,2
cuentametve,(v),2
PeioHR,,1
jdquesada,,2
fortalezapr,,1
Alfaguara_es,,1
D_Ubillus_S,,1
RozalenMusic,(v),1
juana_acosta,(v),2
MarionDBK,,1
acianela,,1
eramosvi,,1
pacopuentesfoto,,2
nunezstrutt,(v),1
Silviawsh,,1
JFriedman44,(v),1
Ros_mx,,2
erubio1975,,3
rushsmith,(v),1
JGALLEGOonfire,(v),3
ReutersTV,(v),1
mikelormazabal,,7
Alberbel,,1
patxilopez,(v),1
miquelroig,,1
edicionesiruela,(v),1
RAEinforma,(v),10
MSF_Prensa,(v),2
EduMadina,(v),4
shakira,(v),1
CristiPedroche,(v),1
virmarcres,,1
TheRealTadeo,,1
MSF_Espana,(v),2
planzac,,3
danimartinezweb,(v),1
jcggolf,,4
BertaFF,,1
rociogarcia4,,2
reyesrin,,1
labellanhdez,,2
Marwanmusica,(v),1
berkleevalencia,(v),1
elpaiscat,(v),4
CRISTINADDE,(v),2
_Roberto_C_,,1
elpais_promos,(v),2
yolacincodias,,1
AnaCarbajosa,,1
KekaConesaMingu,,1
soyjavierlimon,,2
AlyreOfficial,,1
_CarmenRuiz,,1
donald_dpm,,1
jmahrens,,6
rcana,,1
SantiPalacios,,1
drexlerjorge,(v),1
emiliolezama,(v),1
sanchezcastejon,(v),6
MIFERNANDEZM,,1
inconsolata,,1
PlacidoDomingo,(v),1
pchouza,(v),1
DRZRZ,,1
eleseljefe,,1
rocio_montes,,1
Charlie_photo,,1
luisfergegea,,3
castilloyluna,,1
G_Gutenberg,(v),1
AngelaMunozz,,1
WinniSchindler,,1
Pablo_Lion,,5
angelesespinosa,(v),4
Eva_Montero,,1
jjimenezgalvez,,7
solbooking,,1
jotaterron,,1
CcsPressClub,,1
AnaCorojan,,1
ponchogv,,3
ccifuentes,(v),1
toyoutomeblog,,2
Ruben_Amon,,2
ymonge,(v),3
miotei,,1
SandraGud,,2
elenasevillano,,1
ontiverosemilio,,1
Asteroid159,,1
juanlarzabal,(v),1
CelesteLopezP,,1
davjaram,,1
josereinosot,,3
Jesuispurple,,1
danidelarosa,,2
joanalfm,,1
trueblue51,,1
andrewsduncan1,,1
madclimber,,1
ricardomarchand,,1
ElViajero_Pais,(v),3
ramiralles,,1
ologonz,,2
eugeniodebatis,,1
asilascosasw,,2
simoninmadrid,(v),1
aherranz,,1
dmartinezpr,,1
EdwinAbel_03,,1
EireGarcia,(v),1
LuMartinBCN,,1
RFfrenchDavis,,1
LuisBarbero,,1
xoantallon,,5
iflantigua,,1
NaniArenas,,1
hola_brandinal,(v),1
AlmudenaGrandes,(v),1
94_julen,,1
UoE_FLC,,1
GquirogaGonzalo,,1
yayel,(v),1
RogelAbalos,,1
Marielamgd,,1
tu_mejor_tu,,1
Peioss,,1
raulscano,,1
rosa_pascual,,1
monicacarazo,,1
JuanMoscosodelP,,1
pilarsanchez401,,1
macunacr,,1
ClubEstudiantes,(v),2
CesarMorenoH,,1
MrShazan,,1
EmbEspFrancia,(v),1
luizmarinhosiv,,1
librotea,,2
CesarHistoria91,,1
telcomunity,,1
CarmelaRios,(v),1
JulioJung_actor,,1
FigueroaJ,,1
DedaloCom,,1
La_SER,(v),4
StellaMaris_Ed,,1
UlyMartin,,5
inigolp,,1
Angel_pc,,1
tv_mauricio,(v),1
cfdrok,,1
irenegilromero,,1
CarlosMalamud,,1
fmanetto,,1
eduSalidoC,,1
bettycall67,,1
Pacofemo181262,,1
fjramirezg,,1
SCPFoficial,(v),1
marianorajoy,(v),1
ceciliab,,1
guiomardelser,,2
JaviDorado,,1
Adolfo_Garrido_,,1
FATAPUERCA,(v),1
PabloZalba,(v),2
Robeschisto,,1
paconadal,,4
MeriStation,(v),1
APrensaOviedo,,1
MFranco_AS,,1
CarolinaG1978,(v),1
ArteAngeles,,2
gemagarciag,,2
pablolrguez,,1
elsagranda,,2
JurelFeliz,,1
danirioboo,,1
PaulinaAstrozaS,,1
p_monge858,,1
guilleggalvez,,1
GuilleGabarda,,1
roaguilerav,,1
mendezrafael,,1
ValcarcelDiana,,1
JavierFuenteTV,,1
mikiov,,1
Carmen_Aguado,,1
RPadorable,,1
pepeconjerez,,1
mcyblas,,1
julia_qg,,1
MiguelBarrero,,1
Pevelasco,,2
canaltcm,(v),2
RobRe62,,1
mariajo_suarez,,1
GrupoFemxa,,1
Aitana_ReyesM,,1
BelaMistura,,1
guerraypaz,(v),1
LRollano,,1
PR_TheBestofPR,,1
IconicStudioCom,,1
gbelinchon,,1
javierSdelMoral,,1
fsoriag,,1
BrilliValentina,,1
migasocial,,1
DanielFritzEU,,1
delcura2016,,1
GabrielaCanas,,2
lreventos,,1
anafv,,1
albertoroa,,1
alhambraeidos,,1
jenniferwilton,(v),1
ferchu_cine,,1
aureliohugo,,1
palomamoliner,,1
lluispellicer,,1
adelgadoRne,(v),1
SergatMedia,,1
josebaelola,,1
MaxEscot,(v),1
trescom_agencia,,1
aureamolto,(v),1
RaquelMartos,(v),1
FuturEnergy_,,1
EjercitoTierra,(v),1
davidolivas,,1
WOM_Barcelona,,1
ARA_media,,1
JacintoCorral,,1
trinamilan,,1
libe,(v),1
oscarsanz99,,1
TwitterEspana,(v),1
mapaone,,2
sandyojosverdes,,1
casas_castro,,1
RocioRF2,,1
MTapias,,2
AleRuesga,,1
JuanCFulgencio,,1
rodriguezcoello,,2
arritxumaranon,,1
svensones,,1
ClipDircom_,,1
chicano_cano,,1
MasAllaLibros,,1
crisfusterber,,1
jose_andresgs,,1
hllebres,,1
Santisaiz,,1
nievesrey,,2
eduardosolis,(v),1
Ecoteuve,,1
MilagrosPrezOli,,1
InfanteDeLara,,1
_SaraiPerez_,,1
Fernanbi,,1
efedata,,1
JavierSubires,,1
lafuentejavi,,4
sccarcar,,1
fernavarro17,,5
jota_ele_ene,,1
aitor_alvarez,,1
DescubreMayrit,,1
polpareja,,1
zzadez,,1
arvaldivia,,1
SSVphotographer,,1
AdolfoSuarezI,,1
noe_cherokee,,3
france_espagne,(v),2
TusquetsEditor,(v),1
AnaEche238,,1
OSO_ROJOSO,,1
MAPFRE,(v),1
juanmirajarillo,,1
SEAS_Formacion,,1
WilliamYborra,,1
j_a_serrano,,3
IvanEdroso,,1
SolgesAsesores,,1
zurita_carmen,,1
MNcomunicacion,,1
luzinetnunes,,1
twitroncagliolo,,1
nispas,,1
IsaiasLafuente,(v),1
Bernimarin,(v),3
antonio_ortegam,,1
carlosecue,,1
BelenBermejo,,1
CarlagRicarte,,1
Ron_sanes,,1
nuriamarinlh,(v),1
yolsclemente,,2
icon_elpais,(v),2
AlbertoNahum,,1
rsjavi,,1
sergiofigueiras,(v),1
Adolfo300300,,1
pablolago,,1
mberzosa,(v),1
jcspais,,1
rafagarciacruz,,1
fperegil,,3
Alexperezm91,,1
USOConfe,,1
vbenayas,,1
aalonsobe,,2
JoqPrieto,,1
mjsanchezrubio,(v),1
manueldemiguel,,1
Jesus_Servulo,,2
raulrivero,,1
nataliajunquera,,2
miguelsomovilla,,1
gpuntovilarinho,,1
arkelbenitez,,2
mariaramirezNY,(v),2
SusanaSRiu,,1
TaylinAroche,,1
elenaggallego,,1
nacho_fariza,,1
TommKoch,,1
CarlotaMerchn,(v),1
jmpiera,,2
BibliotecaUA,,1
cesarluena,(v),1
_sandra72,,1
premiosagripina,,1
pedro_casares,,1
eldragonnaranja,,1
fhernandez,,1
osuanya,,1
xabierfortes,,1
CatalinaClader1,(v),1
fulgenspa,,1
josemariairujo,,1
Vitlith,,1
luispablob,(v),1
mrtfernandez,(v),1
cifupresidenta,(v),1
Viajeroastuto,,1
JuanManSantos,(v),1
El_Universal_Mx,(v),1
ELTIEMPO,(v),1
mimesacojea,,2
molinaguerrero,,1
soydiligent,,1
rsalaverria,(v),1
vb2b,,1
jmatencia,(v),1
juaevpa,,1
NataliadeMolina,(v),1
ahorapodemos,(v),1
Pablo_Iglesias_,(v),2
anisalud,,1
marioriorda,,1
luciamartinna,,1
MonicaLuengo,,1
ToniMesa,,1
PepeCcarames,,1
OndaHostil,,1
marionacampmany,,1
Javisburgos,,1
mariayglez,,1
3LuciaLopez,,1
SabelaMartin,,1
lhermoso_,,1
cosmejuan,,1
SaritaCuesta,,1
JRodrguezMarcos,,2
virlo_,,2
UxiaCarral,,1
elpaissemanal,(v),3
iunida,(v),1
hectorschamis,,1
InstCervantes,(v),1
angelesafuera,,1
judith_mll,,1
1984jma,,1
Borisizaguirre,(v),1
nlapuerta,,1
Belategui,(v),1
NurFuentes,,1
patgato,,1
IBSENMARTINEZ,,1
Sallitre,,1
LaCasaEncendida,,1
albertochicote,(v),1
alexleff,(v),1
CincoDiascom,(v),2
Cervantes_MdT,,1
LennyLenLenn,,1
tprumbs,,1
oscar23sm,,2
Tai_Leia,,1
alex_calvoo,,1
Sr_PArroyo,,2
Farrucha,,1
FBellmunt,,1
augurarte,,1
FranciscaAragn1,,1
MariolaGarciaF,,2
ZeroVentaja,,4
beabravolopez,,1
susana_rey_rod,,1
francazorla,,2
apmruiz,,1
ANATOLEDO31,,1
silvillasu,,1
Minimafias,,1
VickJCP,,1
noe__corrales,,2
besos_de_papel,,1
sandratei6,,7
McMacarron,,1
EduardoPelach,(v),1
avpag2018,,1
brumelianebrum,,1
elpais_brasil,(v),1
ClaraLago1,(v),1
mazzoned,,1
FuriousMonkeyH,,2
esmerarte,,1
PRISA,,1
javiercasqueiro,,1
mgonzalezelpais,,2
elmonaguillo,(v),1
ARHOE_enhora,,1
JUANJOALVAREZ,,1
CarlosChNav,,1
DiexistaFM,,1
KatukiSaguyaki,,1
vernemexico,(v),1
MdT_TVE,(v),1
TonyAguilarOfi,(v),1
Pepedavid_2050,,1
IreneEscolar1,(v),1
Laverbeke,(v),1
Alexkalextrik,,4
NataliaMartos,,1
Robeplavin,,1
victorianoi,(v),1
ivanferreiro,(v),1
niovesdo,,1
pecchia22,,1
wilma_lorenzo,,1
eeeelucia,,1
Marian_LC,,1
stheruca,,1
KeruSanchez,,1
JNiff4,,1
joaquingilr,,1
ManesF,(v),1
RevillaMiguelA,(v),1
sharonstone,(v),1
elitagnol,,1
mariajoseCANEL,,1
HawkersCo,(v),1
aitorbengoam,,2
gorkarperez,,1
Avivir,(v),11
mono_pensante,,1
Letelier1920,,1
kasagowi,,1
Yanetontivers10,,1
mafiolda15,,1
AngWine,,1
Miguelangeld_,,1
godforseti,,1
keniadenova,,1
llename09,,1
sebasruizvaz,,1
crear11,,1
alejandrocasals,,1
IvanaIsavm1997,,1
dariodeiros1,,1
rosablanca59,,1
ProHomineMx,,1
GonzaCastano,,1
zoiloramuspe,,1
HombreLento,,1
carlitos2493,,1
DiegoAManrique,,1
xaviergomes95,,1
QuimMonzo,(v),1
Maxiver49,,1
Lorahills,,1
viejomoeb,,1
MenendezRNE,,4
jeffjarvis,(v),1
va_rocafort,,1
luismipedrero,,1
Pepebrea,(v),2
lorevicente,,1
MontseHuffPost,(v),1
conversacionesc,,1
DiegoDelPozoR,,1
MABastenier,(v),1
JLGLorenzo,,1
Albert_Rivera,(v),2
AlvaroMorata,(v),1
VidaModernaOML,(v),1
MailloAntonio,(v),1
ajpaniagua,(v),1
oxfam_es,(v),1
Premios_Ondas,(v),1
ElviraLindo,,1
LlorenteyCuenca,(v),1
belendomingz,,2
JAVIERCAMARA1,(v),1
mabave2,,1
joseprecedo,,1
JuanFranMiguel,(v),1
eugenio_fouz,,1
llaollao,(v),1
hiparquiana,,2
AS_CarmenColino,(v),1
robermanz,,1
esecundarios,,1
CiudadanosCs,(v),1
waldyghichez,,1
SergioRodriguez,(v),1
petezin,(v),1
alvarocausapie,,1
EdisonPerezz,(v),1
MaxyBourdette,(v),1
AvatarGoku75,,1
Estelas,,1
deskua,,1
ESPINALLUCY,,1
zar613,,1
briveiros,,1
Cesar24h,,1
DiegoArana,,1
JapanEmb_Spain,(v),1
JuanCladeRamon,,1
jorgeramosnews,(v),1
MalditaNerea,(v),1
billboard,(v),1
anitamarcos,,1
GranDolo,,1
albert_lorente,,1
ElTerrat,(v),1
vetustamorla,(v),3
PlanetarioMad,(v),1
bioluminiscenta,,1
luciaraynero,,1
Cheloradio,,1
mikelayestaran,(v),1
claudiapineiro,(v),1
oscar_mu_ro,,1
amasiain,,1
Edusuris,,1
cseiriz,,1
flopezquero,,1
amigodakota,,1
UpsetMillennial,,1
deboradelucas,,1
kasugakun,,1
AzuMendezOk,,1
Resifontpineda,,1
maximhuerta,(v),1
Tefanieee,,1
OlympicCh_es,(v),1
aprensamadrid,(v),1
mfwise72,,1
sunsetelsa,,1
martarojo_,,1
CCanoYa,,1
historiador,,1
aduran93_,,1
fcosculluela,,1
andreschavesp,,1
sandrasuadi,,1
luismerlo_actor,(v),1
Factor_Critico,,1
cgs_1322,,1
LIMAENESCENA10,,1
kenner_bracho,,1
JovenAndres_,,1
patricia_urko,,1
ankortejero,,1
adriana_cabeza,,1
RafaCabeleira,,1
imparsifal,,1
jordievole,(v),1
Ohloth,,1
RicardGonz,,1
Nuk_Nuik221,,1
AgustinAlmo,,1
Lanoche_24h,(v),1
GorkaLejarcegi,,1
cdperiodismo,,1
SergiMawey,,1
SanchezdeCastro,(v),1
SinHoracio,,1
marcasgz,,1
AnthraxGarcia,,1
Quin_Dra,,1
carmendiaz34,,1
antoniorozco,(v),1
Cayetano_Rivera,(v),1
VBorrero,,1
Carlos_Aciego,,1
LuisLarrain,(v),1
GabrielaRangel8,,1
blanca_clemente,,1
bunburyoficial,(v),1
JamesCostos,(v),1
Rakelmarkos,,1
wmarybeard,(v),1
Planeta_Futuro,(v),1
JorgeRetamar3,,1
helena_3460,,1
MonicaSalvadorT,,1
UMusicPub_SPAIN,(v),1
ElbaThea,,1
Andrea_Gentil,,1
i_alaniis,,1
adrenalita,,1
estoesLaMODA,,2
edumv88,,1
AhuNewen,,1
Cordovapartners,,1
ERMNoticias,,1
MontevideoLatam,,1
lumicaso,,1
AngelaMarcelaA2,,1
La_blahblahblah,,1
amaraloficial,(v),1
xoellopez,(v),1
Silvino_Navarro,,1
ZappaplayZappa,,1
Vuelta_deRosca,,1
ireneretrovisor,,1
mcromero6,,1
_IreneVilla_,(v),1
vanessa_p_s,,1
Fcorellana35,,1
BancoMundial,(v),1
apchavira,(v),1
arcipion,,1
Nat_Henriques,,1
poe_twit,,1
matriosch,,1
arq_AMBIENTA,,1
marcosblancoh,(v),1
leonelcortez10,,1
imcine,(v),1
