EGuiris,,1
YuriBowie,,1
PatMahomeBoi,,1
arakehasemo,,1
GiveMeInternet,,2
Supel_Laton,,1
queridoantonio,,2
pavisnovis,,1
DavidPerro,,1
daniakacosta,,33
VonSpeek,,1
ahorapuedes2010,,1
Manuel_de_BCN,,2
angel_garco,,1
LauraTdlc,,1
CunadoDeTuiter,,2
Kill_A_clover,,1
springsteen_81,,3
mjdelrio,,1
acuareladeudas,,1
naninonai,,1
NBA,(v),2
AlistairHisoka,,1
hihihikillme,,1
j_Ant_,,1
_eNBA,,1
wladigamez,,1
ElDeLasTrufas,,1
labueladegila,,1
ImasTvale,,1
Gato_Sovietico,,1
enfadasion,,1
DesatranqueJaen,,1
fuckvpinku,,1
PepeWebosRepes,,4
EstadoCharnego,,1
hellhorror,,1
mensajeramojave,,1
LI3PeO,,6
VaryIngweion,,1
polinitito,,2
follaldre,,1
_youhadonejob1,,1
Fairlane4,,1
OrdureBizarre_,,14
danryanbenson,,1
melococotn,,1
J_MALEVO,,1
RotoChop_,,8
tikotikoh,,1
jpf_11,,1
Berlustinho,,1
Palle_Hoffstein,,1
RespectfulMemes,,3
elmundotoday,(v),6
DimeUPROXX,(v),1
madeofchalk,,1
imfrancisconce,,1
Luciacrespo99,,1
PhilosophyMttrs,,1
Elos_357,,1
Gongonzalo,,1
marley_ok,(v),1
calotejon,,1
elcosodelapizza,,1
PaharitoAsul,,1
AbrahamRomero_,,1
chuckiclampy,,2
DavidSuarez_V,,1
Ciclismo2005,,1
VidaModernaOML,(v),1
BeardedGenius,(v),1
bea_blond,,1
NDrakeRM7,,36
Ladinszky,,1
misterDiOSo,,1
Juristanloqcido,,1
PassePartout__,,5
elespanolcom,(v),1
htafc_bowhay,,1
3gerardpique,(v),1
mariannaisa_,,1
Jotaderos,,1
niggerdeguetto,,1
AndrewDHudson,,1
JuventudCASDF,,1
Doctor_Kiwi,,1
ingebau,,2
Garzari,,14
jcarlos2001,,1
chechuverdas13,,1
SamuelMSosa,,1
Frankthor,,1
touchnick,,1
_Lassana_,,19
wookieeeee,,1
barq_in,,1
Crisvastylez,,1
davidbroncano,(v),1
jmdelalamo,(v),1
VeR0NiCa83,,14
Eckerdt_Franco,,1
Nalaok__,,1
arenasllop,,1
yisucrist,,2
Alcalinus_,,1
DafneCalvo,,1
Kovskayax,,2
miquelreverte,,1
JasmineLWatkins,(v),1
_larision,,6
stabbbbbbbb,,1
PabloSobrado7,,35
elgatomirararo,,1
flanchota,,1
Yajairatunena,,1
MADRIZETA,,1
eneoeeleia,,27
jordiporn,(v),1
NakoTorres,,21
Flantasma1,,1
MrActimel,,1
Adriian_rd1,,1
dogordo_,,1
laquintacolumna,,1
Fachista__,,1
ArrietaShore,,2
Capri_cez,,2
Mongolear,,10
patotarruella,,1
lovingsomwone,,1
JuegoDeTronosTM,,1
PabloNicasso,,1
Pantomima_Full,,4
RecopilacionTW,,1
alaisierra,,1
yanina_rubia,,1
BigDabi,,4
Jardiner_,,3
Sr_Bernabeu,,2
OneMoreCore,,1
MSartori17,,1
quienunlol,,1
_mxriacg,,1
metalportuculo,,1
Napalism,,1
johnkylven,,1
NxxxxVxxxx,,1
Felo_Rivera,,1
sotosinmas,,1
GonzaloBam,,1
gerardorc_,,1
Requeni_,,1
____tuan,,1
fer_novato,,2
Gongoresque,,2
ppppirri,,3
Sr_Kal_El,,1
ESPNStatsInfo,(v),2
cunadometro,,1
Suarezismo,,1
MASerralvo,,1
misterligas,,1
its_whitney,(v),1
DaniBordas,,1
RealEspartaB,,1
VaIen19,,1
Profeta_Baruc,,6
SheaSerrano,(v),1
CineJavi,,2
Simply_Spurs,,1
ElyGdo_,(v),1
chiquitogif,,1
pomypim,,1
ivanliraoficial,,1
Gabykarting,,1
Toni_Delong,,1
CristianDraxler,,1
ElenaSanchezz,,1
McDepre,,1
YihiRM,,4
dexamina,,1
XxtianMCH,,1
LUISENRIQUE21,(v),1
UniversoSimpson,,1
jsobrevive,,1
YoNoComprePan,,1
ABCmediawatch,(v),1
morenawer82,,1
fortuhitos,,2
LaUltimaPena,,2
tronerman,,1
Becaria_,,1
VictorEstacado,,4
EPLBible,,1
naimemphis_,,1
PimpPaquele,,1
LordbzB,,1
PedasoDeYogu,,3
Josevigshore,,1
kalp19,,86
iFons_,,1
biblioteca_uc3m,,1
TaboadaLucia,,2
ACraich,,3
jamarutem,,1
retrasco,,1
Xde_PUTOCALBO,,3
RojasEngein,,1
LRGosling,,1
ayylmao,,1
lucialeon29,,1
_KeepOnFalling,,1
XoseCastro,(v),1
Dird_RM,,1
sanchezcastejon,(v),1
Clutchman_,,18
Petetekin,,6
doctor_rojo,,1
eballester,,1
_NBAESP_,,1
MoeAlayan,(v),1
ClementeNovella,,1
Petrelli86,,2
CKatarsis,,1
SergioRamos,(v),4
TerciosESP,,1
Bucks,(v),1
Paolawayoflife,,1
ramiro_aldunate,,1
Xabibenputa,,1
NataliaPastor,,5
rauIgarcismo,,1
ManuelHuedo,(v),1
_Krwlng,,1
BleacherReport,(v),3
kurioso,(v),1
SrDallas_RM,,1
mptornero,,1
quiquepeinado,(v),1
FamososClassic,,1
Josepaw97,,1
Satiita10,,1
ldiotOIympics,,1
David_Guti,,21
NBA_DESTINY,,1
danygrrd,,1
ppanti,,2
CarlosLanga,,3
Francisk1t0,,1
PabloLolaso,,2
cometelasopa,,1
paultrex,,1
ZerBe_Zero,,1
Proscojoncio,,5
FetoViejo,,1
kira_95,(v),1
Foto_Hlstoria,,1
kesare,,1
lord_iniesta,(v),1
GolDeGodin,,1
YonkodeJuan,,1
Yuxtagoras,,1
RCSRCS79,,1
MichaelPerrinow,,2
zamorakys,,1
FreeMemesKids,,1
Roquanismo,,1
FatovGB,,3
Kikelo14,,1
jamesdoleman,,1
RobGestort,,2
TeleFootball,(v),1
San_Tipatico,,1
Frenopatix,,2
dalehay,,1
eljueves,(v),1
Eligarabatos,,1
Sir_Fara,,1
jmayoral_r2d2,,2
aarbeloa17,(v),17
DonDiablo,(v),1
MarifeLacion,,1
Supertramp9713,,1
quillobarrios,,3
GVazquezNY,,2
POTUS44,(v),1
Nuver85,,1
Cebs_,,1
Ice_Landic,,1
FisolaNYDN,(v),1
mascarporno,,1
BarriGuitis,,1
MaylaifDhisis,,1
javilote,,1
SportsJOE_FC,(v),1
pau,(v),1
PiterCohen,,3
Cipotil,,3
CountBlissett,,1
ForocochesCitas,,1
WinstonRM_,,30
mediakia,,1
TeletubbiePuton,,1
esmendrello,,1
NachoPalen,,2
Haisember,,1
axelk,,1
CasiIIasWorId,,1
BICHILLOVERDE,,3
timmytrumpet,(v),1
Shhhhhhz,,2
FlanaganMcPhee,,2
Natalia_HTU,,1
YouPorn,(v),1
AlexKennedyNBA,(v),2
diarioas,(v),2
Serthand,,1
mmg19011974,,1
FranciscoFCB97,,1
Abelaits,,2
Lagartman_,,2
ACBCOM,(v),1
VictorEmeceh,,1
eGranero11,(v),2
Fel_blan,,2
Rafastarter,,1
PansandCo,,1
HerreraenCOPE,(v),1
gonzoonews,(v),1
SportYou,(v),1
r4six,,23
anuska_truska,,1
Pordeciralgoweb,,1
mejorchef,,1
ochocinco,(v),1
OliverHeldens,(v),1
javigomezTV,,1
ChikiApuestas,,1
_infonba,,1
rana_acostada,,1
diegotrap,,3
VictacorPerez,,1
jsaenzdetejada,(v),1
xaviconde,,1
Corsus,,1
kikolo777,,2
RaulGazgon_,,1
MadisonLouch,,1
LVSinclair,,1
wikitetas,,1
mirondo9,,3
palomarando,,1
Riveriego_,,1
renaultitalia,(v),1
pedroampudia,,1
realmadrid,(v),1
DoctorNBA,,1
ErikaLopategui,,1
Garrafa,,1
jon_mcenroe,,1
Cr0nopio,,1
SuicidasRMCF,,1
YoungBoiMelo,,1
pormisbalones,,2
Kerry_Ingram,(v),1
quehedichoque,,1
Joan92_,,1
__miguelserrano,,1
SuperMario_Boss,,1
Ladysekh_70s,,53
manueljabois,,1
Jonh_mamon,,1
LaMediaInglesa,,1
B0tika,,2
TraedRuffles,,26
sabiasundato_o,,2
PascuOnFire,,1
paciencianostra,,1
SrHuevon,,3
23Llull,(v),2
Ernestinhos,,5
SrHador,,1
HulkHoygan,,9
sebasminuto93,,1
quique,,1
AS_Manolete,(v),45
SethMacFarlane,(v),1
ElCojodeLepanto,,1
gangsterenparo,,1
Desmo_fut,,1
threekola,(v),1
ataca_2,,1
Mr_Utopic,,1
Mortimer_Fu,,36
policia,(v),7
antoninomora,,2
Sauco8,,1
Miriam_rb7,,1
fffane,,1
AxelTorres,(v),1
javiercincc,,1
wificola,,1
SpiderGMan,,2
Fadui,,4
marqiitos23,,3
Mrjones_SCG,,1
RoldierJ,,1
Unelar,,5
CesarAzpi,(v),2
FCBarcelona,(v),1
montero_4,,1
XabiAlonso,(v),3
Atleti,(v),1
Mimadridista,,1
ManuRM_10,,6
eurocero,,1
AbelMartin7,,1
quimdomenech,(v),1
FranEchopiscos,,1
SeasonNT,,1
PhoenixFC88,,39
talentinonino,,6
EsQuagmire,,1
MachinbOOm,,1
javimgol,,1
FinallyMario,(v),1
partidazocope,(v),1
PuntoPalote,,1
McDonalds_Uy,(v),1
pascui89,,1
tosepower,,7
jorarub,,1
alejokelso,,2
DPCalvillo92,,3
van_Palomaain,,1
EtiquetaNegra44,,3
GonxoGil,,3
rudy5fernandez,(v),2
deckard1980rmcf,,1
MattHagemeier,,1
HashtagYoussef,,1
Beastroll,,1
LeoGalante,,1
Luciialaz,,2
FutbolYPenesN,,1
_cerbezo,,1
PelicanPierre,,2
BiblioTeta,,1
INPacerNation,,1
VatoreTercero,,3
marcoseno_,,1
gesiOH,,9
AroaOlivares,,1
Miguel_AngelRD,,2
Slaughter44,(v),14
Fabio_Coentrao,(v),1
alvlopez8,(v),3
Ninozurich,,2
LuisCalles9,,3
EuroLeague,(v),1
Paul_Tenorio,,1
Ibuprofeno600mg,,1
Leesergia,,1
JoseSantiago6,,2
darrenrovell,(v),1
Basket4us,(v),1
SofiaUrribarri,,2
Ivan_GN3,,4
ponfepato,,3
Victor7Fdz,,2
ElRondoAtletico,,1
abrelabocaweb,,1
buglag,,52
EDM_Spain,,4
Detroit_Spain,,1
dani91malaga,,1
nickyromero,(v),1
Juanfrantorres,(v),1
Projav23,,1
Rami7oficial,(v),1
Llourinho,,3
galatea128,,1
SandervanDoorn,(v),1
jayhardway,(v),1
hughlaurie,(v),1
JLSanchez78,,3
HARDWELL,(v),3
Isaac98__,,2
FonsiLoaiza,,1
LuisFigo,(v),1
dembabafoot,(v),1
MiguelPV_RM10,,1
TheSportsVines,,1
sport,(v),3
Tarantwitno,,1
JorgePastorS,,1
8Pedrolopez,,5
marca,(v),1
tremenduz,(v),1
ambivertido,,3
Nanzi75,,1
Juaninho11_,,1
roberbuho,,1
mrajoy_viscacat,,1
ArashMarkazi,(v),1
Dani_Gove,,1
carmeloanthony,(v),1
jesuserbridas,,1
NBAMemeTeam,,1
GeorgeAcosta,(v),1
IngCarpio,,1
Swagerz_Music,,1
Jesusbm77,,2
FCBfutbolsala,(v),1
abc_es,(v),1
23Juanpe33,,1
pacogcaridad,(v),7
JohnNieve,,2
LoganPaul,(v),1
Steizam,,4
ultra,(v),1
SateR_,,1
iriaot,,2
nxkomichael,,1
cumlouder,,2
Aranwe,,1
MourinhoTv,,1
aficion_Rmadrid,,1
RojoUno1,,2
lamacope,(v),5
mundodeportivo,(v),1
Carlossnx,,1
ElChotoAlbino,,1
carcarre11,,1
Gaoh1,,1
SrVilach,,1
cl4usman,,2
MichaelEssien,(v),1
enfueradejuego,,2
JosSpartacus,,1
Maestro_Blaster,,1
PiolinaColt,,1
CRAZZYPOTE,,1
Serjfield,,3
antonmeana,,1
SergioRodriguez,(v),1
AlvaroNYK,,2
iResultadosNBA,,1
Gilipollas_,,1
DBR8,,1
willyruiz87,,1
urbandictionary,(v),1
Yaaani_alonso,,1
Technocrata_,,1
Whitesnake91,,1
elminuto7,,2
EthanJSkolnick,(v),2
raquelwp,,1
madridistacs,,5
Esoyaquello,,1
KingJames,(v),2
MabelynnCapeluj,,5
leylahamed,,1
atooca,,5
MissCTUSA,,3
misswvusa,,2
jpedrerol,(v),1
pablolaso,(v),2
RMFutbol_es,,1
javialajillo,,1
alfredoduro1,(v),2
Mario9GL,,10
NBA_305,,1
trecet,,2
Sanchez4nba,,1
AdriStark19,,1
edy_morci,,1
MarijaSvetisir,,1
GlassCigar,,1
PUTOJUANDA,,12
josbertVzla,,2
amp921,,1
Roy_Meets_World,(v),1
emmahalamadrid,,1
JaviATM9,,1
pibedale,(v),1
SantiValdi,,1
JChevanton,(v),1
R13_official,(v),1
elbernabeucom,,1
cabaislois,,1
Acamilin,,1
maurinho,,1
xavi,,2
Ingeniero_Boss,,1
MiamiHEAT,(v),2
AS_Futbol,(v),1
albiolismo,,1
Captain_Baul,,5
kaip19,,1
Rommy_Sch,,1
Cuitobarru,,1
ADaimiel,(v),1
SpheraSports,(v),1
Bea92mb,,1
AS_CarmenColino,(v),1
DangM3,,1
BB__Comics,,11
MouFibo,,2
VanessikaC,,1
EgoVolo,,1
eliasgallego,,1
casti1900,,1
tiestosclub,,3
Cristiano,(v),2
tancredipalmeri,(v),1
MarceloM12,(v),1
TheGentlemanACB,,1
TheCakeIs_aLie,,1
toptrendingtele,,1
AxelJay13,,3
Supersarcasmo,,1
losercono,,1
Sean_Buxtonzz,,1
evitabelta,,2
CarlotaReig,,1
buenoj14,,1
Franstinson,,2
Dinmanbroyer,,1
PerillaOnTour,,1
AnisleyQQCCMH,,1
1PabloCabezas,,1
Bucanegro,,1
FCBarcelona_es,(v),2
20m,(v),1
OJITOSVERDZ,,1
Gerard_ACassado,,1
Casillista_,,1
YihadMalaguista,,1
G_Higuain,(v),2
carrusel,(v),1
sentidonotfound,,2
Azote_Cule,,1
NotBillWalton,,1
lolocruzcasas,,1
Serchenko9,,1
DavidDamian94RF,,2
juanmacastano,(v),1
OttoKnows,(v),1
rojastorrijos,,1
paloma_ig,,1
jositou25,,1
CrisMartin_91,,2
cristobalsoria,(v),1
ElhijodelRubio,,1
cachondina,,1
MichelJZAv,,3
DavidMacer,,1
hazardeden10,(v),1
aaronpaul_8,(v),1
haprostata,,1
araykuus,,1
neymarjr,(v),1
gorluca,,1
deanjnorris,(v),1
efectodomino,,1
XChewie,,2
Jason_Voorhess,,6
Zenghelis,,2
ArmyLSDH,,1
fandfbasket,,1
kobebryant,(v),1
latigoserrano,,1
LargoJavariega,,1
AaronMendez_,,1
electwusik,,1
ashleecondose,,1
decapitaglandez,,1
MostroDecrepito,,1
JorgeBustos1,,1
Aullidos,,1
LScola4,(v),1
2M_Group,,1
ElHijoDePutin,,2
LeBronSpainFans,,1
SensoGonzalez,,4
djcarlph,,1
Jadefs2,,1
EDM_SpainTrance,,1
EDMusic_ESP,,2
J_Nogareda,,1
antontiru,,1
joseluiscarazo,,4
Bubervi,,1
nocomprespan,,1
AlvaroVadin,,1
PipiEstrada1,(v),4
anchellotixd,,2
tjcope,(v),1
CMPutosMonguers,,2
NBAgirlfriend,,1
FAVmau5,,1
ponteaprueba,(v),1
NBAsphera,,1
sopetero,,1
FALCAO,(v),1
Steve_OS,(v),1
MartyPocius,(v),1
BizarroBoyl,,3
TractorRectal,,1
relindote,,1
Colmenero,,1
David_Generoso_,,1
Trwistte,,1
Yo2punto0,,1
Garfio___,,3
AguapitoDeCara,,1
HyPunto,,1
boca_grande_,,1
JaimeRubio,,1
1000ojos,,1
_Eskizofrenico,,1
Fuckers__,,3
utosi,,1
anticuarenta,,1
GregoryPis,,1
DonTxino,,1
OneJensen,,3
SenoraFratelli,,1
YuriSlava,,1
Doctorzuelo,,2
_DANIML,,1
arcitecta,,1
DirtGeorge,,1
ConDdeConde_,,1
diFirenze_,,1
eltrampero,,1
Un_Mayor,,1
manu_delorenzo,,2
LucasEscope,,1
Eastwood_theGod,,1
cerdandani,,1
Geniocatil,,2
Yamiroguay,,1
GonCuriel,(v),1
Granpalote,,1
MiamiHEAT_esp,,1
